{
"apiVersion": "V2",
"assemblies": [
{
  "files": [
    {
      "filePath": "data_summary.tsv",
      "fileType": "DATA_TABLE"
    },
    {
      "filePath": "assembly_data_report.jsonl",
      "fileType": "DATA_REPORT"
    }
  ]
},{
  "accession": "GCA_000879935.1",
  "files": [
    {
      "filePath": "GCA_000879935.1/GCA_000879935.1_ViralProj29631_genomic.fna",
      "fileType": "GENOMIC_NUCLEOTIDE_FASTA"
    },
    {
      "filePath": "GCA_000879935.1/genomic.gtf",
      "fileType": "GTF"
    },
    {
      "filePath": "GCA_000879935.1/genomic.gff",
      "fileType": "GFF3"
    },
    {
      "filePath": "GCA_000879935.1/genomic.gbff",
      "fileType": "GENBANK_FLAT_FILE"
    },
    {
      "filePath": "GCA_000879935.1/cds_from_genomic.fna",
      "fileType": "CDS_NUCLEOTIDE_FASTA"
    },
    {
      "filePath": "GCA_000879935.1/protein.faa",
      "fileType": "PROTEIN_FASTA"
    },
    {
      "filePath": "GCA_000879935.1/sequence_report.jsonl",
      "fileType": "SEQUENCE_REPORT"
    }
  ]
},{
  "accession": "GCF_000879935.1",
  "files": [
    {
      "filePath": "GCF_000879935.1/GCF_000879935.1_ViralProj29631_genomic.fna",
      "fileType": "GENOMIC_NUCLEOTIDE_FASTA"
    },
    {
      "filePath": "GCF_000879935.1/genomic.gtf",
      "fileType": "GTF"
    },
    {
      "filePath": "GCF_000879935.1/genomic.gff",
      "fileType": "GFF3"
    },
    {
      "filePath": "GCF_000879935.1/genomic.gbff",
      "fileType": "GENBANK_FLAT_FILE"
    },
    {
      "filePath": "GCF_000879935.1/cds_from_genomic.fna",
      "fileType": "CDS_NUCLEOTIDE_FASTA"
    },
    {
      "filePath": "GCF_000879935.1/protein.faa",
      "fileType": "PROTEIN_FASTA"
    },
    {
      "filePath": "GCF_000879935.1/sequence_report.jsonl",
      "fileType": "SEQUENCE_REPORT"
    }
  ]
}]}
